cod_tienda,rack,x,y
SANRO,001-2-01,907,1538
SANRO,001-2-02,1073,1538
SANRO,001-2-03,1232,1538
SANRO,001-2-04,1389,1538
SANRO,002-1-01,907,1593
SANRO,002-1-02,1073,1593
SANRO,002-1-03,1232,1593
SANRO,002-1-04,1389,1593
SANRO,002-2-01,863,1778
SANRO,002-2-02,1021,1778
SANRO,002-2-03,1177,1778
SANRO,002-2-04,1346,1778
SANRO,003-1-01,902,1826
SANRO,003-1-02,1059,1826
SANRO,003-1-03,1216,1826
SANRO,003-1-04,1341,1826
SANRO,003-1-05,1446,1793
SANRO,003-2-01,910,1975
SANRO,003-2-02,1073,1975
SANRO,003-2-03,1230,1975
SANRO,003-2-04,1386,1975
SANRO,004-1-01,914,2013
SANRO,004-1-02,1079,2013
SANRO,004-1-03,1236,2013
SANRO,004-1-04,1405,2013
SANRO,005-1-01,995,2232
SANRO,005-1-02,995,2400
SANRO,005-2-01,767,2232
SANRO,005-2-02,768,2400
SANRO,005-2-03,871,2501
SANRO,006-1-01,1275,2223
SANRO,006-1-02,1275,2403
SANRO,006-1-03,1046,2223
SANRO,006-2-01,1046,2403
SANRO,006-2-02,1159,2511
SANRO,007-2-01,1790,1538
SANRO,007-2-02,1953,1538
SANRO,007-2-03,2114,1538
SANRO,007-2-04,2269,1538
SANRO,008-1-01,1750,1593
SANRO,008-1-02,1834,1593
SANRO,008-1-03,1956,1593
SANRO,008-1-04,2109,1593
SANRO,008-1-05,2274,1593
SANRO,008-2-01,1795,1778
SANRO,008-2-02,1955,1778
SANRO,008-2-03,2113,1778
SANRO,008-2-04,2276,1778
SANRO,009-1-01,1794,1826
SANRO,009-1-02,2114,1826
SANRO,009-1-03,2272,1826
SANRO,009-2-01,1784,1975
SANRO,009-2-02,1951,1975
SANRO,009-2-03,2103,1975
SANRO,009-2-04,2268,1975
SANRO,010-1-01,1789,2013
SANRO,010-1-02,1952,2013
SANRO,010-1-03,2110,2013
SANRO,010-1-04,2265,2013
SANRO,010-2-01,1832,2230
SANRO,010-2-02,2089,2213
SANRO,010-2-03,2245,2213
SANRO,011-1-02,1953,2270
SANRO,011-1-03,2112,2270
SANRO,011-1-04,2268,2270
SANRO,011-2-01,1462,2232
SANRO,011-2-02,1462,2408
SANRO,011-2-03,1582,2498
SANRO,011-2-04,1742,2498
SANRO,011-2-05,1864,2498
SANRO,011-2-06,2069,2498
SANRO,011-2-07,2230,2498
SANRO,011-2-08,2386,2498
SANRO,012-1-01,2500,1479
SANRO,012-1-02,2500,1609
SANRO,012-1-03,2500,1763
SANRO,012-1-04,2530,2283
SANRO,012-1-05,2530,2445
SANRO,013-2-01,1525,1060
SANRO,013-2-02,1525,898
SANRO,013-2-03,1525,767
SANRO,014-1-01,1579,1060
SANRO,014-1-02,1579,898
SANRO,014-1-03,1579,767
SANRO,014-2-01,1742,1123
SANRO,014-2-02,1742,957
SANRO,014-2-03,1742,1741
SANRO,015-1-01,1796,1123
SANRO,015-1-02,1796,957
SANRO,015-1-03,1796,1741
SANRO,015-2-01,2076,1163
SANRO,015-2-02,2076,1004
SANRO,015-2-03,2076,842
SANRO,016-1-01,2131,1163
SANRO,016-1-02,2131,1004
SANRO,016-1-03,2131,842
SANRO,016-2-01,2290,1059
SANRO,016-2-02,2290,897
SANRO,016-2-03,2290,771
SANRO,017-1-01,2347,1059
SANRO,017-1-02,2347,897
SANRO,017-1-03,2347,771
SANRO,017-2-01,2508,979
SANRO,017-2-02,2508,821
SANRO,018-1-01,2652,1019
SANRO,018-1-02,2652,862
SANRO,018-1-03,2652,551
SANRO,018-1-04,2652,391
SANRO,018-1-05,2652,231
SANRO,018-2-01,2874,1064
SANRO,018-2-02,2874,991
SANRO,018-2-03,2874,911
SANRO,018-2-04,2874,834
SANRO,018-2-05,2874,755
SANRO,018-2-06,2874,681
SANRO,018-2-07,2874,603
SANRO,018-2-08,2874,532
SANRO,018-2-09,2832,388
SANRO,018-2-10,2832,234
SANRO,019-1-01,2929,1023
SANRO,019-1-02,2929,865
SANRO,019-1-03,2929,712
SANRO,019-1-04,2929,537
SANRO,019-1-05,2929,407
SANRO,019-1-06,3006,260
SANRO,019-1-07,3100,161
SANRO,019-2-01,3116,1011
SANRO,019-2-02,3116,852
SANRO,019-2-03,3116,701
SANRO,019-2-04,3116,542
SANRO,019-2-05,3116,416
SANRO,020-1-01,3180,965
SANRO,020-1-02,3180,863
SANRO,020-1-03,3180,625
SANRO,020-1-04,3180,503
SANRO,020-2-01,3363,1026
SANRO,020-2-02,3363,862
SANRO,020-2-03,3363,704
SANRO,020-2-04,3363,548
SANRO,020-2-05,3363,394
SANRO,021-1-01,3425,1026
SANRO,021-1-02,3425,862
SANRO,021-1-03,3425,704
SANRO,021-1-04,3425,548
SANRO,021-1-05,3425,394
SANRO,021-2-01,3598,907
SANRO,021-2-02,3598,769
SANRO,021-2-03,3598,608
SANRO,021-2-04,3598,498
SANRO,021-2-05,3598,347
SANRO,022-1-01,3653,948
SANRO,022-1-02,3653,790
SANRO,022-1-03,3653,622
SANRO,022-1-04,3653,469
SANRO,022-1-05,3653,357
SANRO,022-2-01,3845,1025
SANRO,022-2-02,3845,864
SANRO,022-2-03,3845,707
SANRO,022-2-04,3845,549
SANRO,022-2-05,3845,393
SANRO,023-1-01,3905,1070
SANRO,023-1-02,3905,864
SANRO,023-1-03,3905,707
SANRO,023-1-04,3905,549
SANRO,023-1-05,3905,393
SANRO,023-2-01,4089,988
SANRO,023-2-02,4089,695
SANRO,023-2-03,4089,538
SANRO,023-2-04,4089,387
SANRO,024-1-01,4136,695
SANRO,024-1-02,4136,538
SANRO,024-1-03,4136,387
SANRO,024-2-03,4293,988
SANRO,024-2-04,4298,733
SANRO,024-2-05,4298,634
SANRO,024-2-06,4298,492
SANRO,024-2-07,4298,364
SANRO,025-1-02,4404,1105
SANRO,025-1-03,4404,594
SANRO,025-1-04,4404,470
SANRO,025-2-01,4568,1177
SANRO,025-2-02,4568,1014
SANRO,025-2-03,4568,851
SANRO,025-2-04,4568,697
SANRO,025-2-05,4568,538
SANRO,025-2-06,4568,377
SANRO,025-2-07,4568,249
SANRO,026-2-01,2829,1446
SANRO,026-2-02,2956,1446
SANRO,026-2-03,3029,1446
SANRO,026-2-04,3104,1446
SANRO,026-2-05,3252,1446
SANRO,026-2-06,3324,1446
SANRO,027-1-01,2829,1492
SANRO,027-1-02,2956,1492
SANRO,027-1-03,3030,1492
SANRO,027-1-04,3105,1492
SANRO,027-1-05,3177,1492
SANRO,027-1-06,3251,1492
SANRO,027-1-07,3321,1492
SANRO,027-2-01,2829,1690
SANRO,027-2-02,2956,1690
SANRO,027-2-03,3030,1690
SANRO,027-2-04,3105,1690
SANRO,027-2-05,3177,1690
SANRO,027-2-06,3251,1690
SANRO,027-2-07,3321,1690
SANRO,028-1-01,2829,1737
SANRO,028-1-02,2956,1737
SANRO,028-1-03,3030,1737
SANRO,028-1-04,3105,1737
SANRO,028-1-05,3251,1737
SANRO,028-1-06,3321,1737
SANRO,028-2-01,2847,1951
SANRO,028-2-02,2943,1951
SANRO,028-2-03,3007,1951
SANRO,028-2-04,3075,1951
SANRO,028-2-05,3134,1951
SANRO,028-2-06,3201,1951
SANRO,028-2-07,3266,1951
SANRO,028-2-08,3337,1951
SANRO,029-2-01,2810,2144
SANRO,029-2-02,2895,2144
SANRO,029-2-03,2971,2144
SANRO,029-2-04,3044,2144
SANRO,029-2-05,3117,2144
SANRO,029-2-06,3250,2144
SANRO,029-2-07,3333,2144
SANRO,030-1-01,2810,2186
SANRO,030-1-02,2895,2186
SANRO,030-1-03,2971,2186
SANRO,030-1-04,3044,2186
SANRO,030-1-05,3117,2186
SANRO,030-1-06,3250,2186
SANRO,030-1-07,3333,2186
SANRO,030-2-01,2778,2367
SANRO,030-2-02,2909,2464
SANRO,030-2-03,2979,2464
SANRO,030-2-04,3055,2464
SANRO,030-2-05,3153,2464
SANRO,030-2-06,3227,2464
SANRO,030-2-07,3297,2464
SANRO,030-2-08,3371,2464
SANRO,030-2-09,3489,2464
SANRO,030-2-10,3649,2464
SANRO,030-2-11,3811,2464
SANRO,031-2-01,3820,1506
SANRO,031-2-02,3985,1506
SANRO,031-2-03,4136,1506
SANRO,031-2-04,4293,1506
SANRO,032-1-02,3820,1559
SANRO,032-1-03,3985,1559
SANRO,032-1-04,4136,1559
SANRO,032-2-01,4293,1559
SANRO,032-2-02,3820,1738
SANRO,032-2-03,3985,1738
SANRO,032-2-04,4136,1738
SANRO,033-1-01,4293,1738
SANRO,033-1-02,3820,1797
SANRO,033-1-03,3985,1797
SANRO,033-1-04,4136,1797
SANRO,033-2-02,4293,1797
SANRO,033-2-03,3820,1979
SANRO,033-2-04,3985,1979
SANRO,033-2-05,4136,1979
SANRO,034-1-01,4293,2038
SANRO,034-1-02,3820,2038
SANRO,034-1-03,3985,2038
SANRO,034-1-04,4136,2038
SANRO,034-2-01,4293,2213
SANRO,034-2-02,3820,2213
SANRO,034-2-03,3985,2213
SANRO,034-2-04,4136,2213
SANRO,035-1-01,4293,2281
SANRO,035-1-02,3820,2281
SANRO,035-1-03,3985,2281
SANRO,035-1-04,4136,2281
SANRO,035-2-12,4002,2474
SANRO,035-2-13,4161,2474
SANRO,035-2-14,4321,2474
SANRO,035-2-15,4469,2474
SANRO,036-1-01,4573,1564
SANRO,036-1-03,4573,1727
SANRO,036-1-04,4573,1884
SANRO,036-1-05,4573,2039
SANRO,036-1-06,4573,2201
SANRO,036-1-07,4573,2356
SANRO,037-1-01,3308,163
SANRO,037-1-02,3469,163
SANRO,037-1-03,3699,163
SANRO,037-1-04,3851,163
SANRO,037-1-05,4019,163
SANRO,037-1-06,4177,163
SANRO,037-1-07,4335,163
SANRO,037-1-08,4491,163
SANRO,041-1-01,1155,584
SANRO,041-1-02,1315,584
SANRO,041-1-03,1473,584
SANRO,041-1-04,1631,584
SANRO,041-1-05,1793,584
SANRO,041-1-06,1914,584
SANRO,041-1-07,2024,584
SANRO,041-1-08,2129,584
SANRO,041-1-09,2451,584
SANRO,100-1-02,833,1672
SANRO,100-1-03,833,1889
SANRO,100-1-04,833,2089
SANRO,100-1-05,932,2195
SANRO,100-1-06,1210,2195
SANRO,100-1-08,1755,1672
SANRO,100-1-09,1755,1889
SANRO,100-1-10,1755,2089
SANRO,100-1-11,1831,2361
SANRO,100-1-12,2429,1609
SANRO,100-1-14,1665,1225
SANRO,100-1-15,1935,1225
SANRO,100-1-16,2215,1225
SANRO,100-1-17,2445,1225
SANRO,100-1-19,3023,1143
SANRO,100-1-20,3275,1143
SANRO,100-1-21,3501,1143
SANRO,100-1-22,3743,1143
SANRO,100-1-23,3985,1143
SANRO,100-1-24,4215,864
SANRO,100-1-25,4485,1232
SANRO,100-1-33,3753,1882
SANRO,100-1-34,3764,2115
SANRO,100-1-35,3791,2343
SANRO,100-1-36,4473,1483
SANRO,100-1-37,3495,236
SANRO,100-1-41,1891,659
SANRO,100-2-02,833,1701
SANRO,100-2-03,833,1913
SANRO,100-2-04,833,2103
SANRO,100-2-05,823,2195
SANRO,100-2-06,1105,2195
SANRO,100-2-07,1755,1701
SANRO,100-2-08,1755,1913
SANRO,100-2-09,1755,2103
SANRO,100-2-10,1831,2423
SANRO,100-2-11,2367,1609
SANRO,100-2-13,1447,1225
SANRO,100-2-14,1701,1225
SANRO,100-2-15,1997,1225
SANRO,100-2-16,2205,1225
SANRO,100-2-17,2475,1225
SANRO,100-2-19,3051,1143
SANRO,100-2-20,3311,1143
SANRO,100-2-21,3523,1143
SANRO,100-2-22,3775,1143
SANRO,100-2-23,4021,1143
SANRO,100-2-24,4247,864
SANRO,100-2-25,4531,1232
SANRO,100-2-26,2835,1377
SANRO,100-2-27,2835,1619
SANRO,100-2-29,2835,2057
SANRO,100-2-31,3871,1427
SANRO,100-2-32,3871,1671
SANRO,100-2-33,3753,1893
SANRO,100-2-34,3764,2139
SANRO,100-2-35,3791,2383
SANRO,100-2-36,1535,1483
SANRO,100-2-39,2703,1587
SANRO,100-2-41,1891,695
SANRO,101-1-02,853,1672
SANRO,101-1-03,853,1889
SANRO,101-1-08,1775,1672
SANRO,101-1-09,1775,1889
SANRO,101-1-10,1775,2089
SANRO,101-1-14,1665,1205
SANRO,101-1-15,1935,1205
SANRO,101-1-16,2215,1205
SANRO,101-1-18,2745,1023
SANRO,130-1-01,913,113
SANRO,130-1-02,913,133
SANRO,130-1-03,913,153
SANRO,130-1-04,913,173
SANRO,130-2-03,1103,113
SANRO,130-2-04,1103,133
SANRO,130-2-06,1103,153
SANRO,130-2-08,1103,173
SANRO,130-2-09,1103,193
SANRO,130-2-10,1103,213
SANRO,130-2-11,1103,233
SANRO,130-2-12,1103,253
SANRO,130-2-13,1103,273
SANRO,130-2-14,1103,293
SANRO,150-1-01,799,1561
SANRO,150-1-07,1961,1569
SANRO,150-1-15,1759,1225
SANRO,150-1-19,3169,1115
SANRO,150-1-20,3391,1139
SANRO,150-1-22,3873,1139
SANRO,150-1-23,4113,805
SANRO,150-1-24,4345,805
SANRO,151-1-01,1095,645
SANRO,151-1-02,1095,664
SANRO,151-1-03,1095,683
SANRO,151-1-04,1095,702
SANRO,151-1-05,1095,721
SANRO,151-1-06,1095,740
SANRO,151-1-07,1095,759
SANRO,151-1-08,1095,778
SANRO,151-1-09,1095,797
SANRO,151-1-10,1095,816
SANRO,151-1-11,1095,835
SANRO,151-1-12,1095,854
SANRO,151-1-13,1095,873
SANRO,151-1-14,1095,892
SANRO,151-1-15,1095,911
SANRO,151-1-16,1095,930
SANRO,151-1-17,1095,949
SANRO,151-1-18,1095,968
SANRO,151-1-19,1095,987
SANRO,151-1-20,1095,1006
SANRO,151-1-21,1095,1025
SANRO,151-1-22,1095,1044
SANRO,151-1-23,1095,1063
SANRO,151-1-24,1095,1082
SANRO,151-1-25,1095,1101
SANRO,151-1-26,1095,1120
SANRO,151-1-27,941,1139
SANRO,151-1-28,941,1133
SANRO,151-1-29,941,1135
SANRO,151-1-30,941,1131
SANRO,152-1-01,1705,61
SANRO,152-1-02,1705,76
SANRO,152-1-03,1705,91
SANRO,152-1-04,1705,106
SANRO,152-1-05,1705,121
SANRO,152-1-06,1705,136
SANRO,152-1-07,1705,151
SANRO,152-1-08,1705,166
SANRO,152-1-09,1705,181
SANRO,152-1-10,1705,196
SANRO,152-1-11,1705,211
SANRO,152-1-12,1705,226
SANRO,152-1-13,1705,241
SANRO,152-1-14,1705,256
SANRO,152-1-15,1705,271
SANRO,152-1-16,1705,286
SANRO,152-1-17,1705,301
SANRO,152-1-18,1705,316
SANRO,152-1-19,1705,331
SANRO,152-1-20,1705,346
SANRO,152-1-21,1705,361
SANRO,152-1-22,1705,376
SANRO,152-2-01,1705,391
SANRO,180-1-01,520,1972
SANRO,180-1-02,520,1846
SANRO,180-1-03,520,1723
SANRO,180-1-04,520,1595
SANRO,180-1-05,520,1475
